gene,cdna,protein
BRCA1,c.5266dupC,p.Gln1756ProfsTer74
BRCA2,c.5946delT,p.Ser1982ArgfsTer22
TP53,c.817C>T,p.Arg273Cys
CFTR,c.1521_1523delCTT,p.Phe508del
MLH1,c.1852_1853delAAinsG,p.Lys618GlufsTer4
BRCA1,c.181T>G,p.Cys61Gly
LDLR,c.1879G>A,p.Gly627Arg
BRCA2,c.8167G>C,p.Asp2723His
ATM,c.7271T>G,p.Val2424Gly
MSH2,c.942+3A>T,
BRCA1,c.2612C>T,p.Pro871Leu
RB1,c.958C>T,p.Arg320Ter
PTEN,c.388C>T,p.Arg130Ter
MUTYH,c.536A>G,p.Tyr179Cys
VHL,c.499C>T,p.Arg167Trp
BRCA1,c.3548A>G,p.Lys1183Arg
BRCA2,c.1114A>C,p.Asn372His
BRCA1,c.2077G>A,p.Asp693Asn
TP53,c.215C>G,p.Pro72Arg
CHEK2,c.1100delC,p.Thr367MetfsTer15
APC,c.3920T>A,p.Ile1307Lys
MSH6,c.3261dupC,p.Phe1088LeufsTer5
PALB2,c.3113G>A,p.Trp1038Ter
BRCA2,c.6841A>G,p.Ile2281Val
CDH1,c.1137+1G>A,
